{"accuracy": 0.924, "precision": 0.8793103448275862, "recall": 0.9883720930232558}