{"accuracy": 0.972, "precision": 0.9692307692307692, "recall": 0.9767441860465116}