{"accuracy": 0.886, "precision": 0.8383838383838383, "recall": 0.9651162790697675}