{"accuracy": 0.788, "precision": 0.7134831460674157, "recall": 0.9844961240310077}