{"accuracy": 0.682, "precision": 0.6228287841191067, "recall": 0.9728682170542635}