{"accuracy": 0.93, "precision": 0.951417004048583, "recall": 0.9108527131782945}