{"accuracy": 0.956, "precision": 0.943609022556391, "recall": 0.9728682170542635}