{"accuracy": 0.578, "precision": 0.5505376344086022, "recall": 0.9922480620155039}