{"accuracy": 0.938, "precision": 0.9097472924187726, "recall": 0.9767441860465116}