{"accuracy": 0.8, "precision": 0.7705479452054794, "recall": 0.872093023255814}