{"accuracy": 0.97, "precision": 0.9619771863117871, "recall": 0.9806201550387597}